--  Pr谩ctica: Correcci贸n de Problemas de Redundancia en Bases de Datos
-- Objetivo: Identificar y corregir redundancias en la base de datos aplicando normalizaci贸n.

-- 1锔 Creaci贸n de una tabla con redundancia de datos (Ejemplo Incorrecto)
CREATE TABLE Ventas_Incorrecto (
    id_factura INT PRIMARY KEY,
    cliente VARCHAR(100),
    direccion VARCHAR(255),
    producto VARCHAR(100),
    cantidad INT,
    precio DECIMAL(10,2)
);

-- Inserci贸n de datos con redundancia
INSERT INTO Ventas_Incorrecto VALUES (1, 'Juan P茅rez', 'Calle 123', 'Laptop', 1, 1200.00);
INSERT INTO Ventas_Incorrecto VALUES (2, 'Juan P茅rez', 'Calle 123', 'Mouse', 2, 25.00);
INSERT INTO Ventas_Incorrecto VALUES (3, 'Ana L贸pez', 'Avenida 456', 'Teclado', 1, 45.00);

--  Problema: La direcci贸n del cliente se repite en cada factura.

-- 2锔 Normalizaci贸n: Aplicando 1FN, 2FN y 3FN para eliminar redundancia

--  Aplicaci贸n de 1FN (Separar los datos en entidades 煤nicas, sin grupos repetidos)
CREATE TABLE Clientes (
    id_cliente INT PRIMARY KEY,
    nombre VARCHAR(100),
    direccion VARCHAR(255)
);

CREATE TABLE Facturas (
    id_factura INT PRIMARY KEY,
    id_cliente INT,
    FOREIGN KEY (id_cliente) REFERENCES Clientes(id_cliente)
);

CREATE TABLE Productos (
    id_producto INT PRIMARY KEY,
    nombre VARCHAR(100),
    precio DECIMAL(10,2)
);

CREATE TABLE Detalle_Factura (
    id_detalle INT PRIMARY KEY AUTO_INCREMENT,
    id_factura INT,
    id_producto INT,
    cantidad INT,
    FOREIGN KEY (id_factura) REFERENCES Facturas(id_factura),
    FOREIGN KEY (id_producto) REFERENCES Productos(id_producto)
);

--  Aplicaci贸n de 2FN (Eliminar dependencias parciales)
-- Todos los atributos dependen completamente de la clave primaria en cada tabla.

--  Aplicaci贸n de 3FN (Eliminar dependencias transitivas)
-- Ahora, la direcci贸n del cliente est谩 correctamente almacenada en la tabla Clientes.

-- 3锔 Insertando datos sin redundancia
INSERT INTO Clientes VALUES (1, 'Juan P茅rez', 'Calle 123');
INSERT INTO Clientes VALUES (2, 'Ana L贸pez', 'Avenida 456');

INSERT INTO Facturas VALUES (1, 1);
INSERT INTO Facturas VALUES (2, 1);
INSERT INTO Facturas VALUES (3, 2);

INSERT INTO Productos VALUES (1, 'Laptop', 1200.00);
INSERT INTO Productos VALUES (2, 'Mouse', 25.00);
INSERT INTO Productos VALUES (3, 'Teclado', 45.00);

INSERT INTO Detalle_Factura (id_factura, id_producto, cantidad) VALUES (1, 1, 1);
INSERT INTO Detalle_Factura (id_factura, id_producto, cantidad) VALUES (2, 2, 2);
INSERT INTO Detalle_Factura (id_factura, id_producto, cantidad) VALUES (3, 3, 1);
